DateTime,vuser,Tests,Errors,Mean_Test_Time,Test_Time_Standard_Deviation,TPS,Mean_response_length,Response_bytes_per_second,Response_errors,Mean_time_to_resolve_host,Mean_time_to_establish_connection,Mean_time_to_first_byte
2016-02-15 16:10:52,2,176,0,23.312,31.182,88,7336.335,645597.5,0,0.307,1.403,22.409
2016-02-15 16:10:54,4,337,0,22.733,38.204,168.5,6335.273,1067493.5,0,0.142,1.19,22.045
2016-02-15 16:10:56,5,476,0,20.237,27.869,238,6978.468,1660875.5,0,0.107,1.162,19.666
2016-02-15 16:10:58,5,499,0,19.383,23.688,249.5,6766.864,1688332.5,0,0.072,1.14,18.754
2016-02-15 16:11:00,5,481,0,20.133,27.714,240.5,7121.05,1712612.5,0,0.044,1.048,19.605
2016-02-15 16:11:02,5,569,0,17.188,12.066,284.5,7488.376,2130443,0,0.035,1.046,16.64
2016-02-15 16:11:04,5,390,0,25.264,41.386,195,7390.533,1441154,0,0.023,1.036,24.708
2016-02-15 16:11:06,5,451,0,21.665,29.588,225.5,7029.186,1585081.5,0,0.029,1.064,21.166
2016-02-15 16:11:08,5,458,0,21.467,32.682,229,6719.055,1538663.5,0,0.037,1.066,20.996
2016-02-15 16:11:10,5,431,0,19.847,28.562,215.5,7465.698,1608858,0,0.03,1.058,19.304
2016-02-15 16:11:12,5,428,0,25.907,115.617,214,6937.306,1484583.5,0,0.044,1.044,25.439
2016-02-15 16:11:14,5,565,0,16.903,13.614,282.5,6725.6,1899982,0,0.019,1.035,16.407
2016-02-15 16:11:16,5,390,0,25.403,45.776,195,6549.115,1277077.5,0,0.018,1.018,24.936
2016-02-15 16:11:18,5,521,0,19.374,26.622,260.5,7332.393,1910088.5,0,0.021,1.058,18.896
2016-02-15 16:11:20,5,393,0,25.224,36.423,196.5,7084.628,1392129.5,0,0.013,1.056,24.735
2016-02-15 16:11:22,5,575,0,17.136,23.702,287.5,6437.191,1850692.5,0,0.037,1.045,16.303
2016-02-15 16:11:24,5,563,0,17.453,24.865,281.5,6695.575,1884804.5,0,0.02,1.034,17.007
2016-02-15 16:11:26,5,484,0,20.349,25.798,242,6967.826,1686214,0,0.014,1.041,19.855
2016-02-15 16:11:28,5,550,0,17.605,21.172,275,7627.636,2097600,0,0.013,1.033,17.058
2016-02-15 16:11:30,5,499,0,20.1,30.65,249.5,6923.261,1727353.5,0,0.012,1.056,19.631
2016-02-15 16:11:32,5,483,0,20.592,32.643,241.5,7268.975,1755457.5,0,0.01,1.029,20.081
2016-02-15 16:11:34,5,489,0,20.19,31.546,244.5,7374.397,1803040,0,0.035,1.055,19.687
2016-02-15 16:11:36,5,508,0,19.451,28.964,254,6780.081,1722140.5,0,0.061,1.057,19.041
2016-02-15 16:11:38,5,493,0,20.191,28.133,246.5,6882.661,1696576,0,0.065,1.043,19.744
2016-02-15 16:11:40,5,448,0,21.609,39.128,224,6631.801,1485523.5,0,0.074,1.062,21.147
2016-02-15 16:11:42,5,531,0,19.111,25.044,265.5,6999.394,1858339,0,0.049,1.019,18.667
2016-02-15 16:11:44,5,527,0,17.886,22.155,263.5,7317.96,1928282.5,0,0.047,1.013,17.414
2016-02-15 16:11:46,5,535,0,19.357,21.78,267.5,6911.297,1848772,0,0.041,1.017,18.933
2016-02-15 16:11:48,5,495,0,20.16,31.765,247.5,7243.257,1792706,0,0.04,1.034,19.685
2016-02-15 16:11:50,5,538,0,18.409,24.044,269,7047.825,1895865,0,0.067,1.045,17.987
2016-02-15 16:11:52,5,588,0,16.837,20.646,294,6838.65,2010563,0,0.056,1.051,16.42
2016-02-15 16:11:54,5,552,0,17.917,25.501,276,7056.054,1947471,0,0.047,1.011,17.475
2016-02-15 16:11:56,5,448,0,22.042,36.497,224,7023.386,1573238.5,0,0.027,1.002,21.583
2016-02-15 16:11:58,5,532,0,16.906,15.745,266,7142.585,1899927.5,0,0.051,1.021,16.489
2016-02-15 16:12:00,5,499,0,20.567,30.109,249.5,7135.184,1780228.5,0,0.016,0.96,20.106
2016-02-15 16:12:02,5,487,0,21.684,58.247,243.5,7264.918,1769007.5,0,0.004,3.014,21.209
2016-02-15 16:12:04,5,526,0,18.827,24.813,263,7641.289,2009659,0,0.021,0.994,18.352
2016-02-15 16:12:06,5,420,0,23.498,36.006,210,7264.205,1525483,0,0.012,0.99,23.014
2016-02-15 16:12:08,5,544,0,18.32,24.897,272,7016.939,1908607.5,0,0.004,1.006,17.846
2016-02-15 16:12:10,5,473,0,20.97,37.87,236.5,6756.186,1597838,0,0.017,0.994,19.888
2016-02-15 16:12:12,5,523,0,19.105,34.603,261.5,6860.033,1793898.5,0,0.017,1.013,18.66
2016-02-15 16:12:14,5,548,0,17.268,14.53,274,7676.673,2103408.5,0,0.015,0.998,16.797
2016-02-15 16:12:16,5,356,0,22.185,32.027,178,7098.61,1263552.5,0,0,1,21.742
2016-02-15 16:12:18,5,682,0,18.166,22.396,341,7426.925,2532581.5,0,0.023,0.979,17.718
2016-02-15 16:12:20,5,473,0,20.96,31.562,236.5,7098.651,1678831,0,0.008,0.992,20.535
2016-02-15 16:12:22,5,549,0,18.106,23.238,274.5,6482.709,1779503.5,0,0.002,0.976,17.705
2016-02-15 16:12:24,5,553,0,17.864,24.152,276.5,7082.676,1958360,0,0.025,0.984,17.43
2016-02-15 16:12:26,5,416,0,17.183,13.783,208,7198.361,1497259,0,0.043,1.019,16.745
2016-02-15 16:12:28,5,570,0,18.03,24.878,285,6946.654,1979796.5,0,0.016,1.023,17.582
2016-02-15 16:12:30,5,641,0,19.384,28.409,320.5,6907.315,2213794.5,0,0.003,0.988,18.973
2016-02-15 16:12:32,5,553,0,18,24.532,276.5,6900.637,1908026,0,0.022,0.991,17.566
2016-02-15 16:12:34,5,514,0,19.272,29.487,257,7811.909,2007660.5,0,0,0.94,18.778
2016-02-15 16:12:36,5,462,0,21.548,38.516,231,7246.355,1673908,0,0.022,1.009,21.1
2016-02-15 16:12:38,5,561,0,17.613,25.006,280.5,6437.964,1805849,0,0.011,0.957,17.207
2016-02-15 16:12:40,5,566,0,16.696,12.932,283,7376.435,2087531,0,0.016,1.027,16.228
2016-02-15 16:12:42,5,591,0,17.504,23.297,295.5,6957.479,2055935,0,0.019,0.983,17.068
2016-02-15 16:12:44,5,529,0,18.864,27.245,264.5,7095.391,1876731,0,0.004,0.992,18.397
2016-02-15 16:12:46,5,501,0,19.894,28.372,250.5,6550.908,1641002.5,0,0.006,1,19.499
2016-02-15 16:12:48,5,402,0,18.498,30.293,201,6288.316,1263951.5,0,0.005,0.98,18.085
2016-02-15 16:12:50,5,612,0,20.319,36.209,306,7056.505,2159290.5,0,0.007,0.972,19.869
2016-02-15 16:12:52,5,532,0,18.613,29.152,266,6815.912,1813032.5,0,0.032,1.024,18.201
2016-02-15 16:12:54,5,512,0,19.34,31.084,256,6942.234,1777212,0,0.023,1.012,18.93
2016-02-15 16:12:56,5,478,0,20.816,25.497,239,7300.722,1744872.5,0,0.021,0.998,20.345
2016-02-15 16:12:58,5,556,0,17.82,23.762,278,6844.079,1902654,0,0.016,0.989,17.406
2016-02-15 16:13:00,5,484,0,20.452,30.197,242,7410.06,1793234.5,0,0.004,0.973,19.981
2016-02-15 16:13:02,5,493,0,20.13,27.057,246.5,7442.698,1834625,0,0.01,0.953,19.667
2016-02-15 16:13:04,5,501,0,19.864,29.705,250.5,7111.984,1781552,0,0.006,0.96,19.417
2016-02-15 16:13:06,5,557,0,17.743,27.05,278.5,6563.732,1827999.5,0,0.007,0.95,17.35
2016-02-15 16:13:08,5,509,0,19.363,25.51,254.5,7769.269,1977279,0,0,0.965,18.886
2016-02-15 16:13:10,5,518,0,19.438,29.616,259,6825.245,1767738.5,0,0.031,1.01,19.008
2016-02-15 16:13:12,5,614,0,15.66,10.567,307,7138.901,2191642.5,0,0.003,0.98,15.204
2016-02-15 16:13:14,5,515,0,19.744,28.684,257.5,7479.122,1925874,0,0.017,0.963,19.285
2016-02-15 16:13:16,5,453,0,21.819,33.987,226.5,7031.684,1592676.5,0,0.038,0.993,21.404
2016-02-15 16:13:18,5,527,0,18.922,27.812,263.5,7408.803,1952219.5,0,0.019,0.989,18.461
2016-02-15 16:13:20,5,463,0,21.309,29.742,231.5,7462.762,1727629.5,0,0.009,0.994,20.853
2016-02-15 16:13:22,5,332,0,22.611,40.037,166,6417.292,1065270.5,0,0.024,0.982,22.226
2016-02-15 16:13:24,5,549,0,16.519,21.721,274.5,6861.832,1883573,0,0.035,0.995,16.117
2016-02-15 16:13:26,5,463,0,21.13,33.81,231.5,6922.566,1602574,0,0.004,0.974,20.67
2016-02-15 16:13:28,5,578,0,18.448,24.357,289,7446.635,2152077.5,0,0.012,0.969,17.984
2016-02-15 16:13:30,5,485,0,20.963,36.201,242.5,6726.907,1631275,0,0.019,1.019,20.526
2016-02-15 16:13:32,5,462,0,21.571,29.173,231,7456.976,1722561.5,0,0.004,0.983,21.102
2016-02-15 16:13:34,5,643,0,19.275,27.084,321.5,7384.613,2374153,0,0.005,0.955,18.792
2016-02-15 16:13:36,5,307,0,24.104,39.7,153.5,7714.208,1184131,0,0.02,0.977,23.612
2016-02-15 16:13:38,5,670,0,18.575,24.496,335,7067.991,2367777,0,0.016,0.994,18.139
2016-02-15 16:13:40,5,428,0,17.516,16.016,214,6931.369,1483313,0,0.026,1.009,17.086
2016-02-15 16:13:42,5,548,0,18.082,29.174,274,6672.157,1828171,0,0.004,0.929,17.646
2016-02-15 16:13:44,5,555,0,17.923,26.072,277.5,6671.831,1851433,0,0.023,0.978,17.515
2016-02-15 16:13:46,5,468,0,21.259,35.829,234,6736.365,1576309.5,0,0.019,0.996,20.833
2016-02-15 16:13:48,5,497,0,19.891,31.809,248.5,6817.632,1694181.5,0,0.014,1,19.477
2016-02-15 16:13:50,5,523,0,18.864,28.771,261.5,7047.811,1843002.5,0,0.021,0.989,18.409
2016-02-15 16:13:52,5,585,0,21.439,37.503,292.5,6818.66,1994458,0,0.026,1.009,21.027
2016-02-15 16:13:54,5,517,0,16.484,24.645,258.5,6885.439,1779886,0,0.004,0.956,16.015
2016-02-15 16:13:56,5,493,0,21.14,35.636,246.5,6872.517,1694075.5,0,0.006,1.022,20.712
2016-02-15 16:13:58,5,566,0,18.973,46.207,283,7023.615,1987683,0,0.018,2.767,18.544
2016-02-15 16:14:00,5,519,0,19.143,24.639,259.5,6805.877,1766125,0,0.021,1.008,18.696
2016-02-15 16:14:02,5,527,0,18.658,24.237,263.5,7168.317,1888851.5,0,0.008,0.968,18.231
2016-02-15 16:14:04,5,564,0,17.848,26.271,282,7017.083,1978817.5,0,0.002,0.973,17.401
2016-02-15 16:14:06,5,490,0,20.153,27.124,245,7874.906,1929352,0,0.018,0.996,19.663
2016-02-15 16:14:08,5,555,0,17.766,43.818,277.5,7258.519,2014239,0,0.018,2.798,17.305
2016-02-15 16:14:10,5,310,0,23.765,45.257,155,7475.316,1158674,0,0.01,0.945,23.316
2016-02-15 16:14:12,5,525,0,19.278,24.447,262.5,6655.156,1746978.5,0,0.006,0.989,18.853
2016-02-15 16:14:14,5,534,0,18.655,26.934,267,6768.629,1807224,0,0.007,0.933,18.221
2016-02-15 16:14:16,5,535,0,18.546,26.185,267.5,7022.693,1878570.5,0,0.004,0.966,18.095
2016-02-15 16:14:18,5,630,0,15.662,14.111,315,7042.998,2218544.5,0,0.013,0.975,15.237
2016-02-15 16:14:20,5,521,0,19.115,25.999,260.5,7693.186,2004075,0,0.004,0.933,18.672
2016-02-15 16:14:22,5,669,0,18.311,24.908,334.5,6793.824,2272534,0,0.022,0.969,17.892
2016-02-15 16:14:24,5,546,0,18.352,24.329,273,7289.61,1990063.5,0,0.005,0.962,17.916
2016-02-15 16:14:26,5,334,0,22.419,38.634,167,6828.829,1140414.5,0,0.009,0.97,21.964
2016-02-15 16:14:28,5,561,0,16.173,12.168,280.5,7431.33,2084488,0,0.005,0.955,15.702
2016-02-15 16:14:30,5,556,0,19.016,25.382,278,6794.099,1888759.5,0,0.018,0.986,18.597
2016-02-15 16:14:32,5,412,0,24.617,40.373,206,6778.857,1396444.5,0,0.005,0.951,24.204
2016-02-15 16:14:34,5,378,0,25.947,66.372,189,7088.455,1339718,0,0.024,1.011,25.466
2016-02-15 16:14:36,5,443,0,22.765,39.687,221.5,6431.44,1424564,0,0.018,1.002,22.357
2016-02-15 16:14:38,5,529,0,18.813,27.353,264.5,7050.917,1864967.5,0,0.008,0.94,18.372
2016-02-15 16:14:40,5,398,0,24.862,47.332,199,8354.264,1662498.5,0,0.005,0.965,24.367
2016-02-15 16:14:42,5,483,0,20.455,32.026,241.5,6716.354,1621999.5,0,0.002,1.002,20.027
2016-02-15 16:14:44,5,482,0,20.728,33.136,241,7585.151,1828021.5,0,0.004,0.963,20.28
2016-02-15 16:14:46,5,433,0,23.03,33.078,216.5,6875.229,1488487,0,0.023,0.986,22.612
2016-02-15 16:14:48,5,609,0,15.361,11.629,304.5,6928.53,2109737.5,0,0.01,0.99,14.921
2016-02-15 16:14:50,5,513,0,20.423,28.077,256.5,7316.635,1876717,0,0.016,1.01,19.984
2016-02-15 16:14:52,5,512,0,19.318,28.552,256,6794.93,1739502,0,0.016,0.977,18.906
2016-02-15 16:14:54,5,507,0,19.623,29.302,253.5,7476.974,1895413,0,0.02,1.01,18.761
2016-02-15 16:14:56,5,514,0,19.305,28.962,257,7374.274,1895188.5,0,0.008,0.975,18.846
2016-02-15 16:14:58,5,544,0,17.327,19.387,272,7587.763,2063871.5,0,0.011,0.985,16.853
2016-02-15 16:15:00,5,545,0,19.16,23.151,272.5,6794.782,1851578,0,0.006,0.963,18.745
2016-02-15 16:15:02,5,478,0,20.778,30.468,239,7374.297,1762457,0,0.017,0.998,20.328
2016-02-15 16:15:04,5,470,0,21.145,40.815,235,6991.706,1643051,0,0.019,0.983,20.719
2016-02-15 16:15:06,5,514,0,19.356,25.889,257,7429.776,1909452.5,0,0.002,0.957,18.866
2016-02-15 16:15:08,5,529,0,18.711,24.722,264.5,7314.357,1934647.5,0,0.011,1.002,18.257
2016-02-15 16:15:10,5,511,0,18.765,29.178,255.5,7405.865,1892198.5,0,0.004,0.986,18.319
2016-02-15 16:15:12,5,449,0,22.886,33.514,224.5,7346.176,1649216.5,0,0,0.982,22.412
2016-02-15 16:15:14,5,555,0,16.267,11.922,277.5,7393.079,2051579.5,0,0.022,0.969,15.809
2016-02-15 16:15:16,5,594,0,18.177,23.324,297,7210.906,2141639,0,0.015,1.005,17.34
2016-02-15 16:15:18,5,487,0,20.255,33.133,243.5,7135.641,1737528.5,0,0.006,0.969,19.807
2016-02-15 16:15:20,5,501,0,19.719,33.184,250.5,6694.9,1677072.5,0,0.02,0.974,19.325
2016-02-15 16:15:22,5,464,0,21.634,35.19,232,7224.36,1676051.5,0,0.002,0.953,21.192
2016-02-15 16:15:24,5,513,0,19.335,26.263,256.5,7530.926,1931682.5,0,0.021,0.967,18.877
2016-02-15 16:15:26,5,534,0,18.62,23.931,267,7489.994,1999828.5,0,0.002,0.964,18.157
2016-02-15 16:15:28,5,540,0,16.817,13.811,270,7152.474,1931168,0,0.011,0.963,16.348
2016-02-15 16:15:30,5,535,0,19.92,30.61,267.5,7187.413,1922633,0,0.007,0.972,19.08
2016-02-15 16:15:32,5,473,0,21.277,37.356,236.5,6624.816,1566769,0,0.021,0.975,20.886
2016-02-15 16:15:34,5,548,0,18.12,24.513,274,6941.575,1901991.5,0,0.024,0.973,17.699
2016-02-15 16:15:36,5,512,0,19.316,28.055,256,7047.266,1804100,0,0.016,0.996,18.875
2016-02-15 16:15:38,5,567,0,15.61,11.25,283.5,7000.912,1984758.5,0,0.019,0.951,15.196
2016-02-15 16:15:40,5,561,0,19.708,27.652,280.5,7232.307,2028662,0,0.002,0.941,19.255
2016-02-15 16:15:42,5,558,0,17.756,23.616,279,6667.832,1860325,0,0.005,0.97,17.341
2016-02-15 16:15:44,5,543,0,18.217,23.268,271.5,7306.343,1983672,0,0.017,0.985,17.753
2016-02-15 16:15:46,5,472,0,21.076,40.176,236,7394.591,1745123.5,0,0.036,0.992,20.612
2016-02-15 16:15:48,5,497,0,20.012,38.269,248.5,6964.596,1730702,0,0.022,0.968,19.596
2016-02-15 16:15:50,5,492,0,20.069,35.567,246,7520.701,1850092.5,0,0.006,0.949,19.612
2016-02-15 16:15:52,5,594,0,16.02,12.834,297,6765.694,2009411,0,0.002,0.944,15.609
2016-02-15 16:15:54,5,567,0,18.169,24.518,283.5,7147.515,2026320.5,0,0.004,0.949,17.734
2016-02-15 16:15:56,5,470,0,21.16,36.494,235,6468.796,1520167,0,0.021,1.011,20.768
2016-02-15 16:15:58,5,505,0,19.741,32.708,252.5,6894.877,1740956.5,0,0.006,0.972,19.305
2016-02-15 16:16:00,5,479,0,20.739,34.591,239.5,7401.113,1772566.5,0,0.019,1.008,20.305
2016-02-15 16:16:02,5,464,0,21.379,32.475,232,7085.14,1643752.5,0,0.022,0.987,20.955
2016-02-15 16:16:04,5,702,0,17.709,23.596,351,6857.054,2406826,0,0.007,0.962,17.312
2016-02-15 16:16:06,5,593,0,15.347,11.175,296.5,6864.796,2035412,0,0.005,0.978,14.933
2016-02-15 16:16:08,5,542,0,19.708,27.74,271,6927.991,1877485.5,0,0.017,0.967,19.286
2016-02-15 16:16:10,5,521,0,19.125,33.25,260.5,7089.138,1846720.5,0,0.002,0.948,18.714
2016-02-15 16:16:12,5,508,0,19.522,31.489,254,7581.291,1925648,0,0.01,0.994,19.022
2016-02-15 16:16:14,5,568,0,17.465,26.355,284,6505.479,1847556,0,0.018,0.975,17.069
2016-02-15 16:16:16,5,551,0,17.913,23.943,275.5,6668.105,1837063,0,0.015,0.984,17.486
2016-02-15 16:16:18,5,546,0,18.139,24.28,273,7155.835,1953543,0,0.037,1.004,17.672
2016-02-15 16:16:20,5,575,0,17.383,15.585,287.5,7248.831,2084039,0,0.002,0.944,16.918
2016-02-15 16:16:22,5,573,0,17.344,24.848,286.5,6638.305,1901874.5,0,0.016,0.976,16.934
2016-02-15 16:16:24,5,495,0,19.879,30.47,247.5,6577.008,1627809.5,0,0.018,1.002,19.473
2016-02-15 16:16:26,5,529,0,18.79,27.141,264.5,7104.845,1879231.5,0,0.002,0.972,18.338
2016-02-15 16:16:28,5,532,0,18.727,27.288,266,7215.009,1919192.5,0,0.015,0.976,18.273
2016-02-15 16:16:30,5,532,0,17.662,21.756,266,7294.056,1940219,0,0.017,0.976,17.212
2016-02-15 16:16:32,5,622,0,16.661,17.426,311,7006.114,2178901.5,0,0.011,0.974,16.217
2016-02-15 16:16:34,5,527,0,18.989,31.929,263.5,7016.964,1848970,0,0.017,0.97,18.569
2016-02-15 16:16:36,5,541,0,18.294,25.415,270.5,6798.109,1838888.5,0,0.007,0.946,17.869
2016-02-15 16:16:38,5,535,0,18.583,29.375,267.5,6878.505,1840000,0,0.021,0.987,18.153
2016-02-15 16:16:40,5,409,0,24.205,39.263,204.5,7025.017,1436616,0,0.022,1.002,23.76
2016-02-15 16:16:42,5,515,0,18.555,28.963,257.5,7560.621,1946860,0,0.016,0.984,18.118
2016-02-15 16:16:44,5,578,0,17.766,19,289,7419.119,2144125.5,0,0.003,0.972,17.329
2016-02-15 16:16:46,5,403,0,24.767,45.97,201.5,6712.424,1352553.5,0,0.017,1.03,24.37
2016-02-15 16:16:48,5,511,0,19.382,28.337,255.5,7182.395,1835102,0,0,0.963,18.9
2016-02-15 16:16:50,5,534,0,18.547,28.894,267,6715.206,1792960,0,0.021,1.006,18.137
2016-02-15 16:16:52,5,490,0,20.339,30.925,245,6643.58,1627677,0,0.018,0.957,19.955
2016-02-15 16:16:54,5,582,0,17.077,25.201,291,6744.089,1962530,0,0.003,0.952,16.644
2016-02-15 16:16:56,5,610,0,16.177,14.056,305,7013.482,2139112,0,0.005,0.979,15.731
2016-02-15 16:16:58,5,532,0,18.712,26.201,266,6538.239,1739171.5,0,0.011,0.972,18.288
2016-02-15 16:17:00,5,505,0,19.533,27.753,252.5,7253.79,1831582,0,0.032,0.956,19.097
2016-02-15 16:17:02,5,511,0,19.47,27.131,255.5,7080.526,1809074.5,0,0.02,0.986,19.031
2016-02-15 16:17:04,5,548,0,18.146,25.43,274,6790.036,1860470,0,0.005,0.934,17.706
2016-02-15 16:17:06,5,415,0,21.945,29.501,207.5,7001.058,1452719.5,0,0.002,0.986,21.489
2016-02-15 16:17:08,5,512,0,20.947,50.613,256,7217.783,1847752.5,0,0.02,2.916,20.525
2016-02-15 16:17:10,5,536,0,18.528,24.207,268,7083.256,1898312.5,0,0.021,0.97,18.09
2016-02-15 16:17:12,5,494,0,20.057,29.527,247,7291.83,1801082,0,0.022,1.071,19.569
2016-02-15 16:17:14,5,372,0,20.046,28.137,186,6906.196,1284552.5,0,0.008,1.102,19.581
2016-02-15 16:17:16,5,533,0,18.531,27.172,266.5,6554.523,1746780.5,0,0.032,1.011,18.128
2016-02-15 16:17:18,5,683,0,18.211,23.642,341.5,7375.561,2518754,0,0.015,0.99,17.783
2016-02-15 16:17:20,5,616,0,16.026,12.791,308,6740.076,2075943.5,0,0.003,0.966,15.558
2016-02-15 16:17:22,5,550,0,18.053,24.669,275,6937.987,1907946.5,0,0.004,0.978,17.629
2016-02-15 16:17:24,5,545,0,18.158,25.881,272.5,6902.481,1880926,0,0.013,0.996,17.719
2016-02-15 16:17:26,5,484,0,20.51,32.354,242,7226.289,1748762,0,0.021,0.957,20.041
2016-02-15 16:17:28,5,445,0,22.272,43.203,222.5,6827.209,1519054,0,0.016,0.993,21.876
2016-02-15 16:17:30,5,504,0,19.851,29.908,252,6786.95,1710311.5,0,0.014,0.982,19.446
2016-02-15 16:17:32,5,544,0,18.164,24.012,272,7220.675,1964023.5,0,0.026,0.982,17.728
2016-02-15 16:17:34,5,651,0,14.903,9.793,325.5,6891.054,2243038,0,0.023,0.998,14.461
2016-02-15 16:17:36,5,509,0,19.845,27.145,254.5,7098.314,1806521,0,0.022,0.965,19.397
2016-02-15 16:17:38,5,538,0,18.593,25.555,269,6962.039,1872788.5,0,0.004,0.965,18.132
2016-02-15 16:17:40,5,487,0,20.458,27.5,243.5,6963.271,1695556.5,0,0.012,0.979,20.027
2016-02-15 16:17:42,5,574,0,17.232,23.447,287,6887.045,1976582,0,0.002,0.962,16.829
2016-02-15 16:17:44,5,534,0,17.875,27.327,267,6515.637,1739675,0,0.03,0.994,17.367
2016-02-15 16:17:46,5,599,0,17.194,17.628,299.5,6554.192,1962980.5,0,0.003,1,16.785
2016-02-15 16:17:48,5,475,0,20.846,35.887,237.5,6853.259,1627649,0,0.004,0.962,20.394
2016-02-15 16:17:50,5,533,0,18.587,25.139,266.5,6841.058,1823142,0,0.017,0.979,18.176
2016-02-15 16:17:52,5,508,0,19.663,26.589,254,7447.514,1891668.5,0,0.022,1.01,19.22
2016-02-15 16:17:54,5,527,0,18.455,30.376,263.5,7547.247,1988699.5,0,0.023,1.002,17.987
2016-02-15 16:17:56,5,581,0,17.394,15.28,290.5,7141.222,2074525,0,0.015,0.986,16.954
2016-02-15 16:17:58,5,525,0,18.878,31.403,262.5,7107.358,1865681.5,0,0.021,0.994,18.419
2016-02-15 16:18:00,5,504,0,19.712,25.9,252,7198.137,1813930.5,0,0.03,1.022,19.288
2016-02-15 16:18:02,5,533,0,18.645,25.372,266.5,7151.278,1905815.5,0,0.019,0.989,18.195
2016-02-15 16:18:04,5,508,0,19.514,32.803,254,6999.868,1777966.5,0,0.006,0.978,19.075
2016-02-15 16:18:06,5,504,0,19.657,28.789,252,7164.954,1805568.5,0,0.004,0.994,19.171
2016-02-15 16:18:08,5,538,0,16.894,21.342,269,7063.368,1900046,0,0.007,0.976,16.437
2016-02-15 16:18:10,5,559,0,19.086,26.675,279.5,6888.585,1925359.5,0,0.018,0.964,18.66
2016-02-15 16:18:12,5,518,0,19.234,27.733,259,6979.384,1807660.5,0,0.019,0.986,18.849
2016-02-15 16:18:14,5,534,0,18.629,26.27,267,6977.564,1863009.5,0,0,0.983,18.159
2016-02-15 16:18:16,5,541,0,18.213,25.038,270.5,7274.362,1967715,0,0.004,0.952,17.758
2016-02-15 16:18:18,5,547,0,17.388,22.971,273.5,6925.093,1894013,0,0.016,0.963,16.98
2016-02-15 16:18:20,5,587,0,17.284,19.738,293.5,6928.835,2033613,0,0.017,0.99,16.869
2016-02-15 16:18:22,5,456,0,22.388,35.633,228,7046.357,1606569.5,0,0.011,0.998,21.95
2016-02-15 16:18:24,5,528,0,18.744,26.981,264,7442.536,1964829.5,0,0,0.955,18.294
2016-02-15 16:18:26,5,493,0,20.185,28.692,246.5,7233.185,1782980,0,0.02,0.996,19.7
2016-02-15 16:18:28,5,513,0,19.275,28.103,256.5,7635.595,1958530,0,0.018,1.016,18.774
2016-02-15 16:18:30,5,457,0,21.834,31.311,228.5,7725.433,1765261.5,0,0.018,1.018,21.383
2016-02-15 16:18:32,5,213,0,46.934,105.178,106.5,7635.272,813156.5,0,0.019,0.986,46.46
2016-02-15 16:18:34,5,501,0,19.79,35.005,250.5,7128.675,1785733,0,0,0.954,19.337
2016-02-15 16:18:36,5,584,0,15.943,13.703,292,7258.656,2119527.5,0,0.007,0.985,15.515
2016-02-15 16:18:38,5,553,0,19.007,30.485,276.5,7280.13,2012956,0,0.025,1.025,17.528
2016-02-15 16:18:40,5,412,0,24.148,41.098,206,7473.274,1539494.5,0,0.005,1.002,23.663
2016-02-15 16:18:42,5,498,0,20.046,30.083,249,6955.819,1731999,0,0.006,1.02,19.616
2016-02-15 16:18:44,5,464,0,21.362,34.068,232,6652.819,1543454,0,0.004,0.97,20.905
2016-02-15 16:18:46,5,486,0,20.42,28.928,243,6827.2,1659009.5,0,0.016,0.981,20.006
2016-02-15 16:18:48,5,594,0,15.862,11.515,297,7292.746,2165945.5,0,0.007,0.97,15.402
2016-02-15 16:18:50,5,534,0,19.442,23.504,267,6927.363,1849606,0,0.004,0.97,19.002
2016-02-15 16:18:52,5,510,0,19.522,31.974,255,7305.192,1862824,0,0.016,0.969,19.084
2016-02-15 16:18:54,5,483,0,20.511,30.431,241.5,7371.489,1780214.5,0,0.006,0.992,20.064
2016-02-15 16:18:56,5,465,0,21.404,33.164,232.5,7049.923,1639107,0,0.017,0.991,20.94
2016-02-15 16:18:58,5,519,0,19.135,31.572,259.5,7643.493,1983486.5,0,0.002,0.971,18.686
2016-02-15 16:19:00,5,537,0,18.449,24.978,268.5,6785.764,1821977.5,0,0.006,0.98,17.991
2016-02-15 16:19:02,5,551,0,18.064,26.735,275.5,6917.904,1905882.5,0,0.002,0.94,17.632
2016-02-15 16:19:04,5,549,0,17.956,22.985,274.5,7320.543,2009489,0,0.004,1.022,17.468
2016-02-15 16:19:06,5,455,0,21.945,34.138,227.5,7233.426,1645604.5,0,0.024,1.011,21.508
2016-02-15 16:19:08,5,518,0,19.139,36.988,259,6133.506,1588578,0,0.015,1.037,18.792
2016-02-15 16:19:10,5,532,0,18.414,24.919,266,7071.397,1880991.5,0,0.015,0.977,17.97
2016-02-15 16:19:12,5,535,0,18.774,27.439,267.5,7485.441,2002355.5,0,0.007,0.959,18.331
2016-02-15 16:19:14,5,600,0,15.417,9.716,300,6999.285,2099785.5,0,0.01,0.97,14.978
2016-02-15 16:19:16,5,597,0,17.752,24.718,298.5,6697.08,1999078.5,0,0.018,0.953,17.347
2016-02-15 16:19:18,5,523,0,18.939,29.716,261.5,7368.665,1926906,0,0.017,0.967,18.482
2016-02-15 16:19:20,5,501,0,19.675,28.022,250.5,7410.273,1856273.5,0,0.004,0.986,19.214
2016-02-15 16:19:22,5,527,0,19.019,26.03,263.5,7036.097,1854011.5,0,0.017,0.973,18.583
2016-02-15 16:19:24,5,494,0,19.968,39.557,247,7115.099,1757429.5,0,0.022,0.966,19.547
2016-02-15 16:19:26,5,613,0,16.181,11.741,306.5,6906.935,2116975.5,0,0.008,0.956,15.757
2016-02-15 16:19:28,5,464,0,21.06,31.368,232,7249.8,1681953.5,0,0.019,1.011,20.147
2016-02-15 16:19:30,5,527,0,19.055,26.069,263.5,6649.08,1752032.5,0,0.009,0.962,18.617
2016-02-15 16:19:32,5,562,0,17.822,26.414,281,6541.69,1838215,0,0.005,0.966,17.413
2016-02-15 16:19:34,5,504,0,19.651,33.845,252,7431.218,1872667,0,0.016,0.94,19.234
2016-02-15 16:19:36,5,554,0,17.81,23.409,277,6824.502,1890387,0,0.032,1.023,17.386
2016-02-15 16:19:38,5,608,0,16.095,13.994,304,7074.941,2150782,0,0.015,0.947,15.686
2016-02-15 16:19:40,5,516,0,19.653,27.863,258,6801.132,1754692,0,0.008,0.955,19.242
2016-02-15 16:19:42,5,407,0,24.435,75.975,203.5,6809.722,1385778.5,0,0.02,5.899,24.027
2016-02-15 16:19:44,5,541,0,18.294,26.553,270.5,6739.165,1822944,0,0.018,0.987,17.854
2016-02-15 16:19:46,5,497,0,19.966,33.1,248.5,6648.73,1652209.5,0,0.006,0.964,19.539
2016-02-15 16:19:48,5,515,0,19.32,34.627,257.5,6602.369,1700110,0,0.016,1.002,18.918
2016-02-15 16:19:50,5,566,0,15.991,14.047,283,6678.182,1889925.5,0,0.028,1.032,15.58
2016-02-15 16:19:52,5,535,0,20.254,29.615,267.5,7276.746,1946529.5,0,0.004,0.998,19.774
2016-02-15 16:19:54,5,651,0,15.111,10.358,325.5,6833.127,2224183,0,0.026,0.971,14.697
2016-02-15 16:19:56,5,495,0,20.19,32.629,247.5,7121.202,1762497.5,0,0.004,0.956,19.721
2016-02-15 16:19:58,5,534,0,18.592,23.689,267,7420.76,1981343,0,0.017,0.996,18.152
2016-02-15 16:20:00,5,540,0,18.337,26.375,270,6600.8,1782216,0,0.015,0.95,17.943
2016-02-15 16:20:02,5,511,0,19.45,27.92,255.5,7072.344,1806984,0,0.022,1.012,19.006
2016-02-15 16:20:04,5,549,0,16.53,14.82,274.5,7194.967,1975018.5,0,0.022,1.042,16.064
2016-02-15 16:20:06,5,597,0,18.022,23.914,298.5,7338.065,2190412.5,0,0,0.951,17.6
2016-02-15 16:20:08,5,488,0,20.184,34.616,244,7088.703,1729643.5,0,0.018,0.98,19.754
2016-02-15 16:20:10,5,518,0,19.299,28.526,259,7233.546,1873488.5,0,0.008,0.969,18.84
2016-02-15 16:20:12,5,541,0,18.322,24.012,270.5,7159.505,1936646,0,0.028,0.98,17.876
2016-02-15 16:20:14,5,455,0,21.648,32.512,227.5,7755.198,1764307.5,0,0.02,0.978,21.154
2016-02-15 16:20:16,5,544,0,17.893,23.58,272,6793.311,1847780.5,0,0.015,0.954,17.445
2016-02-15 16:20:18,5,612,0,16.533,15.778,306,7147.186,2187039,0,0.016,0.98,16.085
2016-02-15 16:20:20,5,501,0,19.906,27.669,250.5,6341.467,1588537.5,0,0.002,0.93,19.509
2016-02-15 16:20:22,5,529,0,18.467,26.279,264.5,7439.724,1967807,0,0.017,0.996,18.004
2016-02-15 16:20:24,5,491,0,20.554,28.345,245.5,7674.485,1884086,0,0.012,0.957,20.063
2016-02-15 16:20:26,5,432,0,22.947,38.246,216,7106.59,1535023.5,0,0,0.933,22.519
2016-02-15 16:20:28,5,496,0,20.095,29.831,248,7101.992,1761294,0,0.02,0.992,19.671
2016-02-15 16:20:30,5,612,0,16.212,11.89,306,7389.77,2261269.5,0,0.023,0.967,15.784
2016-02-15 16:20:32,5,486,0,20.21,29.537,243,7022.358,1706433,0,0.008,0.973,19.737
2016-02-15 16:20:34,5,536,0,18.651,29.676,268,7147.491,1915527.5,0,0.015,0.993,18.213
2016-02-15 16:20:36,5,477,0,20.774,31.337,238.5,7218.99,1721729,0,0,0.964,20.346
2016-02-15 16:20:38,5,527,0,18.723,30.673,263.5,6994.719,1843108.5,0,0.027,0.97,18.273
2016-02-15 16:20:40,5,524,0,18.676,28.667,262,6909.464,1810279.5,0,0.019,0.973,18.275
2016-02-15 16:20:42,5,518,0,17.616,13.254,259,8009.479,2074455,0,0.017,0.981,17.114
2016-02-15 16:20:44,5,567,0,18.102,25.652,283.5,6355.508,1801786.5,0,0.018,0.977,17.72
